batch_idx,sample_idx,path,pred_text,confidence,loss,gt
0,0,D:\ocr-project\modeling_recognizer/../datasets/ocr_dataset\images\DDI/0_13.png,,0.005456317216157913,tensor(13.4395),ПЕТЕРБУРГСКИЙ
0,1,D:\ocr-project\modeling_recognizer/../datasets/ocr_dataset\images\DDI/0_18.png,,0.005456110462546349,tensor(17.7414),ТЕХНОЛОГИЙ
0,2,D:\ocr-project\modeling_recognizer/../datasets/ocr_dataset\images\DDI/0_23.png,,0.005456194281578064,tensor(200.8053),А
0,3,D:\ocr-project\modeling_recognizer/../datasets/ocr_dataset\images\DDI/1_8.png,,0.005456133745610714,tensor(19.9522),ФЕДЕРАЦИИ
0,4,D:\ocr-project\modeling_recognizer/../datasets/ocr_dataset\images\DDI/1_12.png,,0.0054559530690312386,tensor(37.3035),САНКТ
0,5,D:\ocr-project\modeling_recognizer/../datasets/ocr_dataset\images\DDI/1_13.png,,0.005455967038869858,tensor(13.4396),ПЕТЕРБУРГСКИЙ
0,6,D:\ocr-project\modeling_recognizer/../datasets/ocr_dataset\images\DDI/1_14.png,,0.005456083454191685,tensor(14.6107),НАЦИОНАЛЬНЫЙ
0,7,D:\ocr-project\modeling_recognizer/../datasets/ocr_dataset\images\DDI/1_18.png,,0.005455993581563234,tensor(17.7414),ТЕХНОЛОГИЙ
0,8,D:\ocr-project\modeling_recognizer/../datasets/ocr_dataset\images\DDI/2_9.png,,0.005456032697111368,tensor(22.5438),МЕХАНИКИ
0,9,D:\ocr-project\modeling_recognizer/../datasets/ocr_dataset\images\DDI/2_12.png,,0.0054559893906116486,tensor(37.3036),САНКТ
0,10,D:\ocr-project\modeling_recognizer/../datasets/ocr_dataset\images\DDI/2_16.png,,0.005456062499433756,tensor(16.0397),УНИВЕРСИТЕТ
0,11,D:\ocr-project\modeling_recognizer/../datasets/ocr_dataset\images\DDI/2_19.png,,0.005456026177853346,tensor(200.7330),Л
0,12,D:\ocr-project\modeling_recognizer/../datasets/ocr_dataset\images\DDI/2_22.png,,0.0054561239667236805,tensor(201.4282),В
0,13,D:\ocr-project\modeling_recognizer/../datasets/ocr_dataset\images\DDI/2_23.png,,0.005455935373902321,tensor(200.8054),А
0,14,D:\ocr-project\modeling_recognizer/../datasets/ocr_dataset\images\DDI/3_0.png,,0.005456470884382725,tensor(37.3382),Санкт
0,15,D:\ocr-project\modeling_recognizer/../datasets/ocr_dataset\images\DDI/3_1.png,,0.005456103943288326,tensor(19.9072),Петербург
0,16,D:\ocr-project\modeling_recognizer/../datasets/ocr_dataset\images\DDI/3_15.png,,0.005456126295030117,tensor(10.2323),ИССЛЕДОВАТЕЛЬСКИЙ
0,17,D:\ocr-project\modeling_recognizer/../datasets/ocr_dataset\images\DDI/3_17.png,,0.005455919075757265,tensor(12.4864),ИНФОРМАЦИОННЫХ
0,18,D:\ocr-project\modeling_recognizer/../datasets/ocr_dataset\images\DDI/3_19.png,,0.005455936770886183,tensor(200.7341),Л
0,19,D:\ocr-project\modeling_recognizer/../datasets/ocr_dataset\images\DDI/3_27.png,,0.005456101149320602,tensor(26.0194),ТЕХНИКИ
0,20,D:\ocr-project\modeling_recognizer/../datasets/ocr_dataset\images\DDI/3_28.png,,0.00545596145093441,tensor(37.4076),ЧЁРНО
0,21,D:\ocr-project\modeling_recognizer/../datasets/ocr_dataset\images\DDI/4_1.png,,0.005456013139337301,tensor(19.9070),Петербург
0,22,D:\ocr-project\modeling_recognizer/../datasets/ocr_dataset\images\DDI/4_8.png,,0.005456867627799511,tensor(19.9521),ФЕДЕРАЦИИ
0,23,D:\ocr-project\modeling_recognizer/../datasets/ocr_dataset\images\DDI/4_17.png,,0.005456048995256424,tensor(12.4864),ИНФОРМАЦИОННЫХ
0,24,D:\ocr-project\modeling_recognizer/../datasets/ocr_dataset\images\DDI/4_18.png,,0.0054561239667236805,tensor(17.7415),ТЕХНОЛОГИЙ
0,25,D:\ocr-project\modeling_recognizer/../datasets/ocr_dataset\images\DDI/5_2.png,,0.005455955862998962,tensor(47.3995),2014
0,26,D:\ocr-project\modeling_recognizer/../datasets/ocr_dataset\images\DDI/5_6.png,,0.005456061568111181,tensor(37.3232),НАУКИ
0,27,D:\ocr-project\modeling_recognizer/../datasets/ocr_dataset\images\DDI/5_15.png,,0.005456024780869484,tensor(10.2323),ИССЛЕДОВАТЕЛЬСКИЙ
0,28,D:\ocr-project\modeling_recognizer/../datasets/ocr_dataset\images\DDI/5_27.png,,0.005456033628433943,tensor(26.0193),ТЕХНИКИ
0,29,D:\ocr-project\modeling_recognizer/../datasets/ocr_dataset\images\DDI/6_5.png,,0.005456005223095417,tensor(200.6809),И
0,30,D:\ocr-project\modeling_recognizer/../datasets/ocr_dataset\images\DDI/6_8.png,,0.005456022918224335,tensor(19.9525),ФЕДЕРАЦИИ
0,31,D:\ocr-project\modeling_recognizer/../datasets/ocr_dataset\images\DDI/6_26.png,,0.005455988924950361,tensor(26.1043),пособие
0,32,D:\ocr-project\modeling_recognizer/../datasets/ocr_dataset\images\DDI/6_27.png,,0.00545602897182107,tensor(26.0194),ТЕХНИКИ
0,33,D:\ocr-project\modeling_recognizer/../datasets/ocr_dataset\images\DDI/7_1.png,,0.00545600475743413,tensor(19.9071),Петербург
0,34,D:\ocr-project\modeling_recognizer/../datasets/ocr_dataset\images\DDI/7_8.png,,0.005455951206386089,tensor(19.9523),ФЕДЕРАЦИИ
0,35,D:\ocr-project\modeling_recognizer/../datasets/ocr_dataset\images\DDI/7_9.png,,0.0054560089483857155,tensor(22.5438),МЕХАНИКИ
0,36,D:\ocr-project\modeling_recognizer/../datasets/ocr_dataset\images\DDI/7_13.png,,0.005456000100821257,tensor(13.4395),ПЕТЕРБУРГСКИЙ
0,37,D:\ocr-project\modeling_recognizer/../datasets/ocr_dataset\images\DDI/7_14.png,,0.005456038750708103,tensor(14.6107),НАЦИОНАЛЬНЫЙ
0,38,D:\ocr-project\modeling_recognizer/../datasets/ocr_dataset\images\DDI/7_16.png,,0.005455993115901947,tensor(16.0396),УНИВЕРСИТЕТ
0,39,D:\ocr-project\modeling_recognizer/../datasets/ocr_dataset\images\DDI/7_20.png,,0.005456024315208197,tensor(200.8767),П
0,40,D:\ocr-project\modeling_recognizer/../datasets/ocr_dataset\images\DDI/7_30.png,,0.005456022452563047,tensor(26.0241),ГРАФИКИ
0,41,D:\ocr-project\modeling_recognizer/../datasets/ocr_dataset\images\DDI/8_7.png,,0.005456112790852785,tensor(17.7732),РОССИЙСКОЙ
0,42,D:\ocr-project\modeling_recognizer/../datasets/ocr_dataset\images\DDI/8_15.png,,0.00545607740059495,tensor(10.2323),ИССЛЕДОВАТЕЛЬСКИЙ
0,43,D:\ocr-project\modeling_recognizer/../datasets/ocr_dataset\images\DDI/8_19.png,,0.005455749109387398,tensor(200.7358),Л
0,44,D:\ocr-project\modeling_recognizer/../datasets/ocr_dataset\images\DDI/8_25.png,,0.005455991718918085,tensor(26.0982),Учебное
0,45,D:\ocr-project\modeling_recognizer/../datasets/ocr_dataset\images\DDI/9_0.png,,0.00545626413077116,tensor(37.3384),Санкт
0,46,D:\ocr-project\modeling_recognizer/../datasets/ocr_dataset\images\DDI/9_10.png,,0.005456057842820883,tensor(200.6810),И
0,47,D:\ocr-project\modeling_recognizer/../datasets/ocr_dataset\images\DDI/9_11.png,,0.0054559712298214436,tensor(30.6813),ОПТИКИ
0,48,D:\ocr-project\modeling_recognizer/../datasets/ocr_dataset\images\DDI/9_14.png,,0.005456018727272749,tensor(14.6108),НАЦИОНАЛЬНЫЙ
0,49,D:\ocr-project\modeling_recognizer/../datasets/ocr_dataset\images\DDI/9_20.png,,0.005456048995256424,tensor(200.8760),П
0,50,D:\ocr-project\modeling_recognizer/../datasets/ocr_dataset\images\DDI/9_22.png,,0.005456074606627226,tensor(201.4293),В
0,51,D:\ocr-project\modeling_recognizer/../datasets/ocr_dataset\images\DDI/10_2.png,,0.005456071346998215,tensor(47.3999),2014
0,52,D:\ocr-project\modeling_recognizer/../datasets/ocr_dataset\images\DDI/10_5.png,,0.005455994047224522,tensor(200.6809),И
0,53,D:\ocr-project\modeling_recognizer/../datasets/ocr_dataset\images\DDI/10_8.png,,0.005455951206386089,tensor(19.9521),ФЕДЕРАЦИИ
0,54,D:\ocr-project\modeling_recognizer/../datasets/ocr_dataset\images\DDI/10_9.png,,0.005456043407320976,tensor(22.5437),МЕХАНИКИ
0,55,D:\ocr-project\modeling_recognizer/../datasets/ocr_dataset\images\DDI/10_19.png,,0.005456052720546722,tensor(200.7334),Л
0,56,D:\ocr-project\modeling_recognizer/../datasets/ocr_dataset\images\DDI/10_27.png,,0.005455977749079466,tensor(26.0193),ТЕХНИКИ
0,57,D:\ocr-project\modeling_recognizer/../datasets/ocr_dataset\images\DDI/11_0.png,,0.005455790553241968,tensor(37.3391),Санкт
0,58,D:\ocr-project\modeling_recognizer/../datasets/ocr_dataset\images\DDI/11_3.png,,0.005456014536321163,tensor(14.6080),МИНИСТЕРСТВО
0,59,D:\ocr-project\modeling_recognizer/../datasets/ocr_dataset\images\DDI/11_9.png,,0.005456074140965939,tensor(22.5438),МЕХАНИКИ
0,60,D:\ocr-project\modeling_recognizer/../datasets/ocr_dataset\images\DDI/11_10.png,,0.005455996375530958,tensor(200.6811),И
0,61,D:\ocr-project\modeling_recognizer/../datasets/ocr_dataset\images\DDI/11_12.png,,0.005456286948174238,tensor(37.3036),САНКТ
0,62,D:\ocr-project\modeling_recognizer/../datasets/ocr_dataset\images\DDI/11_14.png,,0.00545602198690176,tensor(14.6108),НАЦИОНАЛЬНЫЙ
0,63,D:\ocr-project\modeling_recognizer/../datasets/ocr_dataset\images\DDI/11_23.png,,0.005455981474369764,tensor(200.8063),А
0,64,D:\ocr-project\modeling_recognizer/../datasets/ocr_dataset\images\DDI/11_26.png,,0.0054558864794671535,tensor(26.1046),пособие
0,65,D:\ocr-project\modeling_recognizer/../datasets/ocr_dataset\images\DDI/12_1.png,,0.005455982871353626,tensor(19.9071),Петербург
0,66,D:\ocr-project\modeling_recognizer/../datasets/ocr_dataset\images\DDI/12_10.png,,0.00545602897182107,tensor(200.6812),И
0,67,D:\ocr-project\modeling_recognizer/../datasets/ocr_dataset\images\DDI/12_13.png,,0.0054559241980314255,tensor(13.4395),ПЕТЕРБУРГСКИЙ
0,68,D:\ocr-project\modeling_recognizer/../datasets/ocr_dataset\images\DDI/12_15.png,,0.005455974489450455,tensor(10.2323),ИССЛЕДОВАТЕЛЬСКИЙ
0,69,D:\ocr-project\modeling_recognizer/../datasets/ocr_dataset\images\DDI/12_25.png,,0.005455955397337675,tensor(26.0982),Учебное
0,70,D:\ocr-project\modeling_recognizer/../datasets/ocr_dataset\images\DDI/12_26.png,,0.005455740261822939,tensor(26.1045),пособие
0,71,D:\ocr-project\modeling_recognizer/../datasets/ocr_dataset\images\DDI/12_29.png,,0.005456042475998402,tensor(37.3689),БЕЛОЙ
0,72,D:\ocr-project\modeling_recognizer/../datasets/ocr_dataset\images\DDI/13_6.png,,0.005456159356981516,tensor(37.3237),НАУКИ
0,73,D:\ocr-project\modeling_recognizer/../datasets/ocr_dataset\images\DDI/13_14.png,,0.0054560331627726555,tensor(14.6107),НАЦИОНАЛЬНЫЙ
0,74,D:\ocr-project\modeling_recognizer/../datasets/ocr_dataset\images\DDI/13_22.png,,0.0054560815915465355,tensor(201.4289),В
0,75,D:\ocr-project\modeling_recognizer/../datasets/ocr_dataset\images\DDI/14_4.png,,0.005456068087369204,tensor(16.0458),ОБРАЗОВАНИЯ
0,76,D:\ocr-project\modeling_recognizer/../datasets/ocr_dataset\images\DDI/14_5.png,,0.005456028040498495,tensor(200.6806),И
0,77,D:\ocr-project\modeling_recognizer/../datasets/ocr_dataset\images\DDI/14_7.png,,0.00545606529340148,tensor(17.7731),РОССИЙСКОЙ
0,78,D:\ocr-project\modeling_recognizer/../datasets/ocr_dataset\images\DDI/14_9.png,,0.005456121172755957,tensor(22.5437),МЕХАНИКИ
0,79,D:\ocr-project\modeling_recognizer/../datasets/ocr_dataset\images\DDI/14_10.png,,0.005456028506159782,tensor(200.6813),И
0,80,D:\ocr-project\modeling_recognizer/../datasets/ocr_dataset\images\DDI/14_16.png,,0.005455769132822752,tensor(16.0396),УНИВЕРСИТЕТ
0,81,D:\ocr-project\modeling_recognizer/../datasets/ocr_dataset\images\DDI/14_17.png,,0.005455982871353626,tensor(12.4865),ИНФОРМАЦИОННЫХ
0,82,D:\ocr-project\modeling_recognizer/../datasets/ocr_dataset\images\DDI/14_24.png,,0.0054559423588216305,tensor(26.0280),Локалов
0,83,D:\ocr-project\modeling_recognizer/../datasets/ocr_dataset\images\DDI/14_27.png,,0.005455926991999149,tensor(26.0194),ТЕХНИКИ
0,84,D:\ocr-project\modeling_recognizer/../datasets/ocr_dataset\images\DDI/14_30.png,,0.005456044338643551,tensor(26.0241),ГРАФИКИ
0,85,D:\ocr-project\modeling_recognizer/../datasets/ocr_dataset\images\DDI/15_5.png,,0.005456109531223774,tensor(17.8260),переменной
0,86,D:\ocr-project\modeling_recognizer/../datasets/ocr_dataset\images\DDI/15_10.png,,0.005456069018691778,tensor(64.2625),Для
0,87,D:\ocr-project\modeling_recognizer/../datasets/ocr_dataset\images\DDI/15_15.png,,0.005455981474369764,tensor(17.7806),потренируй
0,88,D:\ocr-project\modeling_recognizer/../datasets/ocr_dataset\images\DDI/15_17.png,,0.00545607740059495,tensor(64.1293),для
0,89,D:\ocr-project\modeling_recognizer/../datasets/ocr_dataset\images\DDI/15_30.png,,0.0054559893906116486,tensor(17.7662),нарисовать
0,90,D:\ocr-project\modeling_recognizer/../datasets/ocr_dataset\images\DDI/15_32.png,,0.005456060171127319,tensor(37.4960),нужно
0,91,D:\ocr-project\modeling_recognizer/../datasets/ocr_dataset\images\DDI/15_35.png,,0.005456122104078531,tensor(64.1393),пла
0,92,D:\ocr-project\modeling_recognizer/../datasets/ocr_dataset\images\DDI/15_39.png,,0.005456129088997841,tensor(26.0863),упругие
0,93,D:\ocr-project\modeling_recognizer/../datasets/ocr_dataset\images\DDI/15_40.png,,0.005456177983433008,tensor(26.0403),изящные
0,94,D:\ocr-project\modeling_recognizer/../datasets/ocr_dataset\images\DDI/15_47.png,,0.005456045735627413,tensor(47.4348),цвет
0,95,D:\ocr-project\modeling_recognizer/../datasets/ocr_dataset\images\DDI/15_49.png,,0.005456009414047003,tensor(30.7003),Прежде
0,96,D:\ocr-project\modeling_recognizer/../datasets/ocr_dataset\images\DDI/15_53.png,,0.005456005688756704,tensor(19.9010),рисование
0,97,D:\ocr-project\modeling_recognizer/../datasets/ocr_dataset\images\DDI/15_54.png,,0.005456103477627039,tensor(37.4236),этого
0,98,D:\ocr-project\modeling_recognizer/../datasets/ocr_dataset\images\DDI/15_62.png,,0.005455988459289074,tensor(98.3404),13
0,99,D:\ocr-project\modeling_recognizer/../datasets/ocr_dataset\images\DDI/16_0.png,,0.005455970764160156,tensor(98.3889),93
0,100,D:\ocr-project\modeling_recognizer/../datasets/ocr_dataset\images\DDI/16_6.png,,0.0054560438729822636,tensor(22.5812),толщиной
0,101,D:\ocr-project\modeling_recognizer/../datasets/ocr_dataset\images\DDI/16_9.png,,0.005456001032143831,tensor(26.0779),бамбука
0,102,D:\ocr-project\modeling_recognizer/../datasets/ocr_dataset\images\DDI/16_16.png,,0.005456082988530397,tensor(37.3098),Мазки
0,103,D:\ocr-project\modeling_recognizer/../datasets/ocr_dataset\images\DDI/16_19.png,,0.005456060171127319,tensor(26.0612),листьев
0,104,D:\ocr-project\modeling_recognizer/../datasets/ocr_dataset\images\DDI/16_22.png,,0.005456004291772842,tensor(13.4937),формированные
0,105,D:\ocr-project\modeling_recognizer/../datasets/ocr_dataset\images\DDI/16_23.png,,0.005456102080643177,tensor(64.1285),маз
0,106,D:\ocr-project\modeling_recognizer/../datasets/ocr_dataset\images\DDI/16_24.png,,0.005456005223095417,tensor(47.3279),таем
0,107,D:\ocr-project\modeling_recognizer/../datasets/ocr_dataset\images\DDI/16_25.png,,0.005456020124256611,tensor(64.2794),эти
0,108,D:\ocr-project\modeling_recognizer/../datasets/ocr_dataset\images\DDI/16_32.png,,0.005456005688756704,tensor(37.4958),нужно
0,109,D:\ocr-project\modeling_recognizer/../datasets/ocr_dataset\images\DDI/16_35.png,,0.005456081125885248,tensor(64.1393),пла
0,110,D:\ocr-project\modeling_recognizer/../datasets/ocr_dataset\images\DDI/16_36.png,,0.005456012208014727,tensor(37.4672),стику
0,111,D:\ocr-project\modeling_recognizer/../datasets/ocr_dataset\images\DDI/16_37.png,,0.005456134676933289,tensor(200.9372),и
0,112,D:\ocr-project\modeling_recognizer/../datasets/ocr_dataset\images\DDI/16_38.png,,0.005456039682030678,tensor(19.9297),хрупкость
0,113,D:\ocr-project\modeling_recognizer/../datasets/ocr_dataset\images\DDI/16_45.png,,0.005456059239804745,tensor(30.7295),лёгкие
0,114,D:\ocr-project\modeling_recognizer/../datasets/ocr_dataset\images\DDI/16_48.png,,0.005456077866256237,tensor(98.3130),ки
0,115,D:\ocr-project\modeling_recognizer/../datasets/ocr_dataset\images\DDI/16_57.png,,0.005456063896417618,tensor(26.0686),пробабо
0,116,D:\ocr-project\modeling_recognizer/../datasets/ocr_dataset\images\DDI/16_64.png,,0.005456040147691965,tensor(26.0251),орхидея
0,117,D:\ocr-project\modeling_recognizer/../datasets/ocr_dataset\images\DDI/16_70.png,,0.00545598566532135,tensor(26.0842),стебель
0,118,D:\ocr-project\modeling_recognizer/../datasets/ocr_dataset\images\DDI/17_0.png,,0.005455974955111742,tensor(98.3886),93
0,119,D:\ocr-project\modeling_recognizer/../datasets/ocr_dataset\images\DDI/17_7.png,,0.005456040147691965,tensor(98.3134),ки
0,120,D:\ocr-project\modeling_recognizer/../datasets/ocr_dataset\images\DDI/17_10.png,,0.005456055048853159,tensor(64.2631),Для
0,121,D:\ocr-project\modeling_recognizer/../datasets/ocr_dataset\images\DDI/17_14.png,,0.0054559106938540936,tensor(17.8026),(колонком)
0,122,D:\ocr-project\modeling_recognizer/../datasets/ocr_dataset\images\DDI/17_19.png,,0.005456078797578812,tensor(26.0606),листьев
0,123,D:\ocr-project\modeling_recognizer/../datasets/ocr_dataset\images\DDI/17_21.png,,0.005455956794321537,tensor(37.4051),транс
0,124,D:\ocr-project\modeling_recognizer/../datasets/ocr_dataset\images\DDI/17_22.png,,0.005456584505736828,tensor(13.4937),формированные
0,125,D:\ocr-project\modeling_recognizer/../datasets/ocr_dataset\images\DDI/17_24.png,,0.0054559228010475636,tensor(47.3276),таем
0,126,D:\ocr-project\modeling_recognizer/../datasets/ocr_dataset\images\DDI/17_34.png,,0.005456046666949987,tensor(98.1555),её
0,127,D:\ocr-project\modeling_recognizer/../datasets/ocr_dataset\images\DDI/17_35.png,,0.005456082057207823,tensor(64.1401),пла
0,128,D:\ocr-project\modeling_recognizer/../datasets/ocr_dataset\images\DDI/17_37.png,,0.005456012208014727,tensor(200.9377),и
0,129,D:\ocr-project\modeling_recognizer/../datasets/ocr_dataset\images\DDI/17_48.png,,0.0054559060372412205,tensor(98.3143),ки
0,130,D:\ocr-project\modeling_recognizer/../datasets/ocr_dataset\images\DDI/17_69.png,,0.005456010811030865,tensor(37.4257),ножка
0,131,D:\ocr-project\modeling_recognizer/../datasets/ocr_dataset\images\DDI/18_0.png,,0.005456032697111368,tensor(98.3891),93
0,132,D:\ocr-project\modeling_recognizer/../datasets/ocr_dataset\images\DDI/18_2.png,,0.005456221755594015,tensor(19.8547),проводить
0,133,D:\ocr-project\modeling_recognizer/../datasets/ocr_dataset\images\DDI/18_7.png,,0.005456024780869484,tensor(98.3133),ки
0,134,D:\ocr-project\modeling_recognizer/../datasets/ocr_dataset\images\DDI/18_9.png,,0.005455980077385902,tensor(26.0778),бамбука
0,135,D:\ocr-project\modeling_recognizer/../datasets/ocr_dataset\images\DDI/18_10.png,,0.005455993581563234,tensor(64.2626),Для
0,136,D:\ocr-project\modeling_recognizer/../datasets/ocr_dataset\images\DDI/18_12.png,,0.0054559907875955105,tensor(26.1122),упругой
0,137,D:\ocr-project\modeling_recognizer/../datasets/ocr_dataset\images\DDI/18_20.png,,0.005456022918224335,tensor(26.0082),орхидеи
0,138,D:\ocr-project\modeling_recognizer/../datasets/ocr_dataset\images\DDI/18_23.png,,0.005456071812659502,tensor(64.1290),маз
0,139,D:\ocr-project\modeling_recognizer/../datasets/ocr_dataset\images\DDI/18_31.png,,0.005455999635159969,tensor(26.0037),орхидею
0,140,D:\ocr-project\modeling_recognizer/../datasets/ocr_dataset\images\DDI/18_32.png,,0.005455933976918459,tensor(37.4958),нужно
0,141,D:\ocr-project\modeling_recognizer/../datasets/ocr_dataset\images\DDI/18_38.png,,0.005456062965095043,tensor(19.9297),хрупкость
0,142,D:\ocr-project\modeling_recognizer/../datasets/ocr_dataset\images\DDI/18_41.png,,0.005456048995256424,tensor(30.7681),листья
0,143,D:\ocr-project\modeling_recognizer/../datasets/ocr_dataset\images\DDI/18_56.png,,0.005456054583191872,tensor(26.0643),целиком
0,144,D:\ocr-project\modeling_recognizer/../datasets/ocr_dataset\images\DDI/18_60.png,,0.005456074140965939,tensor(37.4406),курса
0,145,D:\ocr-project\modeling_recognizer/../datasets/ocr_dataset\images\DDI/18_61.png,,0.005456132814288139,tensor(17.7704),Упражнение
0,146,D:\ocr-project\modeling_recognizer/../datasets/ocr_dataset\images\DDI/18_62.png,,0.005456073209643364,tensor(98.3408),13
0,147,D:\ocr-project\modeling_recognizer/../datasets/ocr_dataset\images\DDI/19_1.png,,0.0054560499265789986,tensor(47.4604),тесь
0,148,D:\ocr-project\modeling_recognizer/../datasets/ocr_dataset\images\DDI/19_2.png,,0.00545611372217536,tensor(19.8547),проводить
0,149,D:\ocr-project\modeling_recognizer/../datasets/ocr_dataset\images\DDI/19_5.png,,0.005456346552819014,tensor(17.8257),переменной
0,150,D:\ocr-project\modeling_recognizer/../datasets/ocr_dataset\images\DDI/19_7.png,,0.005456052720546722,tensor(98.3133),ки
0,151,D:\ocr-project\modeling_recognizer/../datasets/ocr_dataset\images\DDI/19_9.png,,0.005455974489450455,tensor(26.0779),бамбука
0,152,D:\ocr-project\modeling_recognizer/../datasets/ocr_dataset\images\DDI/19_18.png,,0.005455978214740753,tensor(16.0604),изображения
0,153,D:\ocr-project\modeling_recognizer/../datasets/ocr_dataset\images\DDI/19_20.png,,0.005455948878079653,tensor(26.0083),орхидеи
0,154,D:\ocr-project\modeling_recognizer/../datasets/ocr_dataset\images\DDI/19_23.png,,0.0054559288546442986,tensor(64.1289),маз
0,155,D:\ocr-project\modeling_recognizer/../datasets/ocr_dataset\images\DDI/19_26.png,,0.005456067156046629,tensor(22.5650),элементы
0,156,D:\ocr-project\modeling_recognizer/../datasets/ocr_dataset\images\DDI/19_28.png,,0.005456047132611275,tensor(16.0484),отдельности
0,157,D:\ocr-project\modeling_recognizer/../datasets/ocr_dataset\images\DDI/19_35.png,,0.005455938633531332,tensor(64.1395),пла
0,158,D:\ocr-project\modeling_recognizer/../datasets/ocr_dataset\images\DDI/19_47.png,,0.005455982871353626,tensor(47.4348),цвет
0,159,D:\ocr-project\modeling_recognizer/../datasets/ocr_dataset\images\DDI/19_49.png,,0.0054559665732085705,tensor(30.7005),Прежде
0,160,D:\ocr-project\modeling_recognizer/../datasets/ocr_dataset\images\DDI/19_54.png,,0.005456020124256611,tensor(37.4235),этого
0,161,D:\ocr-project\modeling_recognizer/../datasets/ocr_dataset\images\DDI/20_3.png,,0.005456044804304838,tensor(37.3855),линии
0,162,D:\ocr-project\modeling_recognizer/../datasets/ocr_dataset\images\DDI/20_9.png,,0.005455950740724802,tensor(26.0778),бамбука
0,163,D:\ocr-project\modeling_recognizer/../datasets/ocr_dataset\images\DDI/20_26.png,,0.005456069950014353,tensor(22.5649),элементы
0,164,D:\ocr-project\modeling_recognizer/../datasets/ocr_dataset\images\DDI/20_30.png,,0.00545608950778842,tensor(17.7662),нарисовать
0,165,D:\ocr-project\modeling_recognizer/../datasets/ocr_dataset\images\DDI/20_34.png,,0.005455780774354935,tensor(98.1557),её
0,166,D:\ocr-project\modeling_recognizer/../datasets/ocr_dataset\images\DDI/20_37.png,,0.0054559786804020405,tensor(200.9375),и
0,167,D:\ocr-project\modeling_recognizer/../datasets/ocr_dataset\images\DDI/20_50.png,,0.005456116516143084,tensor(64.3086),чем
0,168,D:\ocr-project\modeling_recognizer/../datasets/ocr_dataset\images\DDI/20_57.png,,0.005455965641885996,tensor(26.0687),пробабо
0,169,D:\ocr-project\modeling_recognizer/../datasets/ocr_dataset\images\DDI/20_59.png,,0.005456123035401106,tensor(19.8365),материалы
0,170,D:\ocr-project\modeling_recognizer/../datasets/ocr_dataset\images\DDI/20_60.png,,0.005455934442579746,tensor(37.4404),курса
0,171,D:\ocr-project\modeling_recognizer/../datasets/ocr_dataset\images\DDI/20_61.png,,0.005456082057207823,tensor(17.7704),Упражнение
0,172,D:\ocr-project\modeling_recognizer/../datasets/ocr_dataset\images\DDI/20_65.png,,0.005456141661852598,tensor(26.0581),Шапочка
0,173,D:\ocr-project\modeling_recognizer/../datasets/ocr_dataset\images\DDI/20_66.png,,0.0054559228010475636,tensor(37.3696),гриба
0,174,D:\ocr-project\modeling_recognizer/../datasets/ocr_dataset\images\DDI/20_67.png,,0.005455858539789915,tensor(47.4400),лист
0,175,D:\ocr-project\modeling_recognizer/../datasets/ocr_dataset\images\DDI/20_68.png,,0.005455995909869671,tensor(26.0778),бамбука
0,176,D:\ocr-project\modeling_recognizer/../datasets/ocr_dataset\images\DDI/21_1.png,,0.005456031300127506,tensor(47.4597),тесь
0,177,D:\ocr-project\modeling_recognizer/../datasets/ocr_dataset\images\DDI/21_11.png,,0.0054561421275138855,tensor(30.6994),начала
0,178,D:\ocr-project\modeling_recognizer/../datasets/ocr_dataset\images\DDI/21_40.png,,0.005456139333546162,tensor(26.0404),изящные
0,179,D:\ocr-project\modeling_recognizer/../datasets/ocr_dataset\images\DDI/21_52.png,,0.005455994047224522,tensor(98.0575),за
0,180,D:\ocr-project\modeling_recognizer/../datasets/ocr_dataset\images\DDI/21_61.png,,0.005456330254673958,tensor(17.7705),Упражнение
0,181,D:\ocr-project\modeling_recognizer/../datasets/ocr_dataset\images\DDI/21_63.png,,0.005456054117530584,tensor(37.3591),Дикая
0,182,D:\ocr-project\modeling_recognizer/../datasets/ocr_dataset\images\DDI/21_67.png,,0.005455997306853533,tensor(47.4404),лист
0,183,D:\ocr-project\modeling_recognizer/../datasets/ocr_dataset\images\DDI/22_9.png,,0.00545600475743413,tensor(26.0778),бамбука
0,184,D:\ocr-project\modeling_recognizer/../datasets/ocr_dataset\images\DDI/22_37.png,,0.005456010345369577,tensor(200.9368),и
0,185,D:\ocr-project\modeling_recognizer/../datasets/ocr_dataset\images\DDI/22_44.png,,0.005455988459289074,tensor(30.7857),стебли
0,186,D:\ocr-project\modeling_recognizer/../datasets/ocr_dataset\images\DDI/22_47.png,,0.005456063896417618,tensor(47.4348),цвет
0,187,D:\ocr-project\modeling_recognizer/../datasets/ocr_dataset\images\DDI/22_52.png,,0.005456024780869484,tensor(98.0571),за
0,188,D:\ocr-project\modeling_recognizer/../datasets/ocr_dataset\images\DDI/22_57.png,,0.0054559544660151005,tensor(26.0686),пробабо
0,189,D:\ocr-project\modeling_recognizer/../datasets/ocr_dataset\images\DDI/22_60.png,,0.005455997306853533,tensor(37.4407),курса
0,190,D:\ocr-project\modeling_recognizer/../datasets/ocr_dataset\images\DDI/22_64.png,,0.005456034559756517,tensor(26.0252),орхидея
0,191,D:\ocr-project\modeling_recognizer/../datasets/ocr_dataset\images\DDI/22_67.png,,0.005456064827740192,tensor(47.4398),лист
0,192,D:\ocr-project\modeling_recognizer/../datasets/ocr_dataset\images\DDI/23_2.png,,0.0054560438729822636,tensor(19.8547),проводить
0,193,D:\ocr-project\modeling_recognizer/../datasets/ocr_dataset\images\DDI/23_7.png,,0.005455976352095604,tensor(98.3131),ки
0,194,D:\ocr-project\modeling_recognizer/../datasets/ocr_dataset\images\DDI/23_12.png,,0.005456011742353439,tensor(26.1119),упругой
0,195,D:\ocr-project\modeling_recognizer/../datasets/ocr_dataset\images\DDI/23_15.png,,0.005456033628433943,tensor(17.7806),потренируй
0,196,D:\ocr-project\modeling_recognizer/../datasets/ocr_dataset\images\DDI/23_17.png,,0.0054559228010475636,tensor(64.1287),для
0,197,D:\ocr-project\modeling_recognizer/../datasets/ocr_dataset\images\DDI/23_20.png,,0.005456048063933849,tensor(26.0081),орхидеи
0,198,D:\ocr-project\modeling_recognizer/../datasets/ocr_dataset\images\DDI/23_25.png,,0.005455997306853533,tensor(64.2794),эти
0,199,D:\ocr-project\modeling_recognizer/../datasets/ocr_dataset\images\DDI/23_33.png,,0.005456060171127319,tensor(30.7596),понять
0,200,D:\ocr-project\modeling_recognizer/../datasets/ocr_dataset\images\DDI/23_46.png,,0.005456039682030678,tensor(26.0713),хрупкие
0,201,D:\ocr-project\modeling_recognizer/../datasets/ocr_dataset\images\DDI/23_47.png,,0.005456056445837021,tensor(47.4346),цвет
0,202,D:\ocr-project\modeling_recognizer/../datasets/ocr_dataset\images\DDI/23_52.png,,0.005456135142594576,tensor(98.0576),за
0,203,D:\ocr-project\modeling_recognizer/../datasets/ocr_dataset\images\DDI/23_55.png,,0.005456062499433756,tensor(22.5927),растения
0,204,D:\ocr-project\modeling_recognizer/../datasets/ocr_dataset\images\DDI/23_69.png,,0.005456127692013979,tensor(37.4257),ножка
0,205,D:\ocr-project\modeling_recognizer/../datasets/ocr_dataset\images\DDI/24_3.png,,0.005456023849546909,tensor(37.3853),линии
0,206,D:\ocr-project\modeling_recognizer/../datasets/ocr_dataset\images\DDI/24_9.png,,0.005456033628433943,tensor(26.0777),бамбука
0,207,D:\ocr-project\modeling_recognizer/../datasets/ocr_dataset\images\DDI/24_14.png,,0.005456051789224148,tensor(17.8021),(колонком)
0,208,D:\ocr-project\modeling_recognizer/../datasets/ocr_dataset\images\DDI/24_18.png,,0.005456020589917898,tensor(16.0603),изображения
0,209,D:\ocr-project\modeling_recognizer/../datasets/ocr_dataset\images\DDI/24_19.png,,0.0054559907875955105,tensor(26.0613),листьев
0,210,D:\ocr-project\modeling_recognizer/../datasets/ocr_dataset\images\DDI/24_32.png,,0.005456047132611275,tensor(37.4959),нужно
0,211,D:\ocr-project\modeling_recognizer/../datasets/ocr_dataset\images\DDI/24_35.png,,0.005456014070659876,tensor(64.1395),пла
0,212,D:\ocr-project\modeling_recognizer/../datasets/ocr_dataset\images\DDI/24_36.png,,0.005456041544675827,tensor(37.4670),стику
0,213,D:\ocr-project\modeling_recognizer/../datasets/ocr_dataset\images\DDI/24_37.png,,0.005456028506159782,tensor(200.9375),и
0,214,D:\ocr-project\modeling_recognizer/../datasets/ocr_dataset\images\DDI/24_42.png,,0.005455949809402227,tensor(30.7660),тонкие
0,215,D:\ocr-project\modeling_recognizer/../datasets/ocr_dataset\images\DDI/24_52.png,,0.005456023383885622,tensor(98.0575),за
0,216,D:\ocr-project\modeling_recognizer/../datasets/ocr_dataset\images\DDI/24_53.png,,0.0054556322284042835,tensor(19.9014),рисование
0,217,D:\ocr-project\modeling_recognizer/../datasets/ocr_dataset\images\DDI/24_57.png,,0.005456026177853346,tensor(26.0687),пробабо
0,218,D:\ocr-project\modeling_recognizer/../datasets/ocr_dataset\images\DDI/24_63.png,,0.005456076469272375,tensor(37.3589),Дикая
0,219,D:\ocr-project\modeling_recognizer/../datasets/ocr_dataset\images\DDI/24_71.png,,0.005456038285046816,tensor(26.0778),бамбука
0,220,D:\ocr-project\modeling_recognizer/../datasets/ocr_dataset\images\DDI/25_4.png,,0.005456030368804932,tensor(201.6071),с
0,221,D:\ocr-project\modeling_recognizer/../datasets/ocr_dataset\images\DDI/25_8.png,,0.0054560634307563305,tensor(47.4400),лист
0,222,D:\ocr-project\modeling_recognizer/../datasets/ocr_dataset\images\DDI/25_13.png,,0.005456059239804745,tensor(30.7680),кистью
0,223,D:\ocr-project\modeling_recognizer/../datasets/ocr_dataset\images\DDI/25_18.png,,0.005456008017063141,tensor(16.0602),изображения
0,224,D:\ocr-project\modeling_recognizer/../datasets/ocr_dataset\images\DDI/25_21.png,,0.0054560815915465355,tensor(37.4052),транс
0,225,D:\ocr-project\modeling_recognizer/../datasets/ocr_dataset\images\DDI/25_24.png,,0.00545594422146678,tensor(47.3279),таем
0,226,D:\ocr-project\modeling_recognizer/../datasets/ocr_dataset\images\DDI/25_44.png,,0.005456005223095417,tensor(30.7856),стебли
0,227,D:\ocr-project\modeling_recognizer/../datasets/ocr_dataset\images\DDI/25_48.png,,0.005455967038869858,tensor(98.3135),ки
0,228,D:\ocr-project\modeling_recognizer/../datasets/ocr_dataset\images\DDI/25_53.png,,0.005456096492707729,tensor(19.9017),рисование
0,229,D:\ocr-project\modeling_recognizer/../datasets/ocr_dataset\images\DDI/25_56.png,,0.005456056911498308,tensor(26.0642),целиком
0,230,D:\ocr-project\modeling_recognizer/../datasets/ocr_dataset\images\DDI/25_57.png,,0.0054560499265789986,tensor(26.0686),пробабо
0,231,D:\ocr-project\modeling_recognizer/../datasets/ocr_dataset\images\DDI/25_58.png,,0.0054560317657887936,tensor(16.0630),Графические
0,232,D:\ocr-project\modeling_recognizer/../datasets/ocr_dataset\images\DDI/25_66.png,,0.0054560257121920586,tensor(37.3693),гриба
0,233,D:\ocr-project\modeling_recognizer/../datasets/ocr_dataset\images\DDI/25_71.png,,0.005455999169498682,tensor(26.0778),бамбука
0,234,D:\ocr-project\modeling_recognizer/../datasets/ocr_dataset\images\DDI/26_1.png,,0.00545599777251482,tensor(47.4597),тесь
0,235,D:\ocr-project\modeling_recognizer/../datasets/ocr_dataset\images\DDI/26_10.png,,0.005456047132611275,tensor(64.2626),Для
0,236,D:\ocr-project\modeling_recognizer/../datasets/ocr_dataset\images\DDI/26_14.png,,0.005456115584820509,tensor(17.8021),(колонком)
0,237,D:\ocr-project\modeling_recognizer/../datasets/ocr_dataset\images\DDI/26_15.png,,0.005455993581563234,tensor(17.7807),потренируй
0,238,D:\ocr-project\modeling_recognizer/../datasets/ocr_dataset\images\DDI/26_16.png,,0.0054559605196118355,tensor(37.3097),Мазки
0,239,D:\ocr-project\modeling_recognizer/../datasets/ocr_dataset\images\DDI/26_23.png,,0.005456000100821257,tensor(64.1288),маз
0,240,D:\ocr-project\modeling_recognizer/../datasets/ocr_dataset\images\DDI/26_27.png,,0.005456090904772282,tensor(98.2813),по
0,241,D:\ocr-project\modeling_recognizer/../datasets/ocr_dataset\images\DDI/26_28.png,,0.005456067156046629,tensor(16.0483),отдельности
0,242,D:\ocr-project\modeling_recognizer/../datasets/ocr_dataset\images\DDI/26_31.png,,0.00545591302216053,tensor(26.0035),орхидею
0,243,D:\ocr-project\modeling_recognizer/../datasets/ocr_dataset\images\DDI/26_32.png,,0.0054559591226279736,tensor(37.4959),нужно
0,244,D:\ocr-project\modeling_recognizer/../datasets/ocr_dataset\images\DDI/26_49.png,,0.00545599265024066,tensor(30.7004),Прежде
0,245,D:\ocr-project\modeling_recognizer/../datasets/ocr_dataset\images\DDI/26_50.png,,0.005456017795950174,tensor(64.3083),чем
0,246,D:\ocr-project\modeling_recognizer/../datasets/ocr_dataset\images\DDI/26_54.png,,0.005456027574837208,tensor(37.4237),этого
0,247,D:\ocr-project\modeling_recognizer/../datasets/ocr_dataset\images\DDI/26_60.png,,0.005456102080643177,tensor(37.4406),курса
0,248,D:\ocr-project\modeling_recognizer/../datasets/ocr_dataset\images\DDI/27_4.png,,0.005455963313579559,tensor(201.6067),с
0,249,D:\ocr-project\modeling_recognizer/../datasets/ocr_dataset\images\DDI/27_8.png,,0.0054560150019824505,tensor(47.4398),лист
0,250,D:\ocr-project\modeling_recognizer/../datasets/ocr_dataset\images\DDI/27_10.png,,0.005456005688756704,tensor(64.2628),Для
0,251,D:\ocr-project\modeling_recognizer/../datasets/ocr_dataset\images\DDI/27_11.png,,0.0054560513235628605,tensor(30.6976),начала
0,252,D:\ocr-project\modeling_recognizer/../datasets/ocr_dataset\images\DDI/27_12.png,,0.005456049460917711,tensor(26.1119),упругой
0,253,D:\ocr-project\modeling_recognizer/../datasets/ocr_dataset\images\DDI/27_35.png,,0.005456014070659876,tensor(64.1396),пла
0,254,D:\ocr-project\modeling_recognizer/../datasets/ocr_dataset\images\DDI/27_37.png,,0.0054560997523367405,tensor(200.9372),и
0,255,D:\ocr-project\modeling_recognizer/../datasets/ocr_dataset\images\DDI/27_50.png,,0.005456054117530584,tensor(64.3082),чем
1,0,D:\ocr-project\modeling_recognizer/../datasets/ocr_dataset\images\DDI/27_52.png,,0.005456017795950174,tensor(98.0571),за
1,1,D:\ocr-project\modeling_recognizer/../datasets/ocr_dataset\images\DDI/27_55.png,,0.005456082057207823,tensor(22.5927),растения
1,2,D:\ocr-project\modeling_recognizer/../datasets/ocr_dataset\images\DDI/27_63.png,,0.005456015933305025,tensor(37.3592),Дикая
1,3,D:\ocr-project\modeling_recognizer/../datasets/ocr_dataset\images\DDI/27_69.png,,0.005456154700368643,tensor(37.4256),ножка
1,4,D:\ocr-project\modeling_recognizer/../datasets/ocr_dataset\images\DDI/27_71.png,,0.005456018261611462,tensor(26.0778),бамбука
1,5,D:\ocr-project\modeling_recognizer/../datasets/ocr_dataset\images\DDI/28_6.png,,0.005456117447465658,tensor(22.5814),толщиной
1,6,D:\ocr-project\modeling_recognizer/../datasets/ocr_dataset\images\DDI/28_12.png,,0.005455998238176107,tensor(26.1125),упругой
1,7,D:\ocr-project\modeling_recognizer/../datasets/ocr_dataset\images\DDI/28_15.png,,0.005456032697111368,tensor(17.7806),потренируй
1,8,D:\ocr-project\modeling_recognizer/../datasets/ocr_dataset\images\DDI/28_17.png,,0.00545629533007741,tensor(64.1296),для
1,9,D:\ocr-project\modeling_recognizer/../datasets/ocr_dataset\images\DDI/28_18.png,,0.005458323750644922,tensor(16.0228),изображения
1,10,D:\ocr-project\modeling_recognizer/../datasets/ocr_dataset\images\DDI/28_19.png,,0.005455998703837395,tensor(26.0608),листьев
1,11,D:\ocr-project\modeling_recognizer/../datasets/ocr_dataset\images\DDI/28_21.png,,0.005455994512885809,tensor(37.4052),транс
1,12,D:\ocr-project\modeling_recognizer/../datasets/ocr_dataset\images\DDI/28_30.png,,0.005455725826323032,tensor(17.7662),нарисовать
1,13,D:\ocr-project\modeling_recognizer/../datasets/ocr_dataset\images\DDI/28_35.png,,0.0054560438729822636,tensor(64.1395),пла
1,14,D:\ocr-project\modeling_recognizer/../datasets/ocr_dataset\images\DDI/28_42.png,,0.00545623991638422,tensor(30.7660),тонкие
1,15,D:\ocr-project\modeling_recognizer/../datasets/ocr_dataset\images\DDI/28_48.png,,0.00545600987970829,tensor(98.3131),ки
1,16,D:\ocr-project\modeling_recognizer/../datasets/ocr_dataset\images\DDI/28_66.png,,0.005455986596643925,tensor(37.3694),гриба
1,17,D:\ocr-project\modeling_recognizer/../datasets/ocr_dataset\images\DDI/28_67.png,,0.0054560462012887,tensor(47.4399),лист
1,18,D:\ocr-project\modeling_recognizer/../datasets/ocr_dataset\images\DDI/28_71.png,,0.005456040613353252,tensor(26.0779),бамбука
1,19,D:\ocr-project\modeling_recognizer/../datasets/ocr_dataset\images\DDI/29_2.png,,0.005456418264657259,tensor(19.8549),проводить
1,20,D:\ocr-project\modeling_recognizer/../datasets/ocr_dataset\images\DDI/29_8.png,,0.005456058774143457,tensor(47.4398),лист
1,21,D:\ocr-project\modeling_recognizer/../datasets/ocr_dataset\images\DDI/29_14.png,,0.005456134676933289,tensor(17.8022),(колонком)
1,22,D:\ocr-project\modeling_recognizer/../datasets/ocr_dataset\images\DDI/29_18.png,,0.00545578682795167,tensor(16.0602),изображения
1,23,D:\ocr-project\modeling_recognizer/../datasets/ocr_dataset\images\DDI/29_21.png,,0.005455970298498869,tensor(37.4052),транс
1,24,D:\ocr-project\modeling_recognizer/../datasets/ocr_dataset\images\DDI/29_22.png,,0.005456187762320042,tensor(13.4920),формированные
1,25,D:\ocr-project\modeling_recognizer/../datasets/ocr_dataset\images\DDI/29_23.png,,0.005456099286675453,tensor(64.1280),маз
1,26,D:\ocr-project\modeling_recognizer/../datasets/ocr_dataset\images\DDI/29_27.png,,0.0054560028947889805,tensor(98.2825),по
1,27,D:\ocr-project\modeling_recognizer/../datasets/ocr_dataset\images\DDI/29_31.png,,0.0054562389850616455,tensor(26.0035),орхидею
1,28,D:\ocr-project\modeling_recognizer/../datasets/ocr_dataset\images\DDI/29_33.png,,0.005455967504531145,tensor(30.7596),понять
1,29,D:\ocr-project\modeling_recognizer/../datasets/ocr_dataset\images\DDI/29_43.png,,0.005456096027046442,tensor(19.9009),изогнутые
1,30,D:\ocr-project\modeling_recognizer/../datasets/ocr_dataset\images\DDI/29_60.png,,0.005455836653709412,tensor(37.4407),курса
1,31,D:\ocr-project\modeling_recognizer/../datasets/ocr_dataset\images\DDI/29_71.png,,0.005456048995256424,tensor(26.0779),бамбука
1,32,D:\ocr-project\modeling_recognizer/../datasets/ocr_dataset\images\DDI/30_3.png,,0.005456068087369204,tensor(30.7682),листья
1,33,D:\ocr-project\modeling_recognizer/../datasets/ocr_dataset\images\DDI/30_4.png,,0.0054560634307563305,tensor(26.0085),орхидеи
1,34,D:\ocr-project\modeling_recognizer/../datasets/ocr_dataset\images\DDI/30_15.png,,0.00545615516602993,tensor(30.7809),сильно
1,35,D:\ocr-project\modeling_recognizer/../datasets/ocr_dataset\images\DDI/30_16.png,,0.005456000100821257,tensor(30.7159),Каждый
1,36,D:\ocr-project\modeling_recognizer/../datasets/ocr_dataset\images\DDI/30_29.png,,0.005455298349261284,tensor(64.3272),его
1,37,D:\ocr-project\modeling_recognizer/../datasets/ocr_dataset\images\DDI/30_34.png,,0.005456133279949427,tensor(98.1816),ха
1,38,D:\ocr-project\modeling_recognizer/../datasets/ocr_dataset\images\DDI/30_35.png,,0.005456076003611088,tensor(26.0483),рактеру
1,39,D:\ocr-project\modeling_recognizer/../datasets/ocr_dataset\images\DDI/30_44.png,,0.0054559726268053055,tensor(17.7553),непрерывна
1,40,D:\ocr-project\modeling_recognizer/../datasets/ocr_dataset\images\DDI/30_50.png,,0.005455964710563421,tensor(98.2909),от
1,41,D:\ocr-project\modeling_recognizer/../datasets/ocr_dataset\images\DDI/30_52.png,,0.005456017330288887,tensor(37.4732),суйте
1,42,D:\ocr-project\modeling_recognizer/../datasets/ocr_dataset\images\DDI/30_53.png,,0.005456089973449707,tensor(16.0397),внимательно
1,43,D:\ocr-project\modeling_recognizer/../datasets/ocr_dataset\images\DDI/30_55.png,,0.0054560014978051186,tensor(98.3613),не
1,44,D:\ocr-project\modeling_recognizer/../datasets/ocr_dataset\images\DDI/30_60.png,,0.005456019192934036,tensor(37.3256),палке
1,45,D:\ocr-project\modeling_recognizer/../datasets/ocr_dataset\images\DDI/30_63.png,,0.00545597355812788,tensor(98.2810),по
1,46,D:\ocr-project\modeling_recognizer/../datasets/ocr_dataset\images\DDI/30_65.png,,0.005456050392240286,tensor(37.3230),Линию
1,47,D:\ocr-project\modeling_recognizer/../datasets/ocr_dataset\images\DDI/30_70.png,,0.005455945152789354,tensor(37.2974),Излом
1,48,D:\ocr-project\modeling_recognizer/../datasets/ocr_dataset\images\DDI/30_71.png,,0.005455963779240847,tensor(98.1962),ри
1,49,D:\ocr-project\modeling_recognizer/../datasets/ocr_dataset\images\DDI/30_74.png,,0.005456097889691591,tensor(98.4173),Он
1,50,D:\ocr-project\modeling_recognizer/../datasets/ocr_dataset\images\DDI/30_76.png,,0.005456089042127132,tensor(26.1013),упругий
1,51,D:\ocr-project\modeling_recognizer/../datasets/ocr_dataset\images\DDI/30_85.png,,0.00545599777251482,tensor(30.6892),Теперь
1,52,D:\ocr-project\modeling_recognizer/../datasets/ocr_dataset\images\DDI/30_87.png,,0.005456182640045881,tensor(17.7427),изобразить
1,53,D:\ocr-project\modeling_recognizer/../datasets/ocr_dataset\images\DDI/30_89.png,,0.0054559484124183655,tensor(26.0082),орхидеи
1,54,D:\ocr-project\modeling_recognizer/../datasets/ocr_dataset\images\DDI/30_98.png,,0.005455988459289074,tensor(26.0083),орхидеи
1,55,D:\ocr-project\modeling_recognizer/../datasets/ocr_dataset\images\DDI/30_100.png,,0.005455945618450642,tensor(26.0786),поэтому
1,56,D:\ocr-project\modeling_recognizer/../datasets/ocr_dataset\images\DDI/30_101.png,,0.005456035956740379,tensor(201.0341),в
1,57,D:\ocr-project\modeling_recognizer/../datasets/ocr_dataset\images\DDI/30_109.png,,0.005455997306853533,tensor(64.3007),рас
1,58,D:\ocr-project\modeling_recognizer/../datasets/ocr_dataset\images\DDI/30_111.png,,0.005456090439110994,tensor(47.4403),лист
1,59,D:\ocr-project\modeling_recognizer/../datasets/ocr_dataset\images\DDI/30_115.png,,0.0054559726268053055,tensor(98.1003),ма
1,60,D:\ocr-project\modeling_recognizer/../datasets/ocr_dataset\images\DDI/31_3.png,,0.005456068553030491,tensor(30.7682),листья
1,61,D:\ocr-project\modeling_recognizer/../datasets/ocr_dataset\images\DDI/31_8.png,,0.005456122569739819,tensor(37.3650),листа
1,62,D:\ocr-project\modeling_recognizer/../datasets/ocr_dataset\images\DDI/31_13.png,,0.0054560317657887936,tensor(98.3611),не
1,63,D:\ocr-project\modeling_recognizer/../datasets/ocr_dataset\images\DDI/31_21.png,,0.005456033628433943,tensor(30.7317),других
1,64,D:\ocr-project\modeling_recognizer/../datasets/ocr_dataset\images\DDI/31_22.png,,0.005455886945128441,tensor(26.0497),Техники
1,65,D:\ocr-project\modeling_recognizer/../datasets/ocr_dataset\images\DDI/31_27.png,,0.005455923732370138,tensor(26.1193),сильнее
1,66,D:\ocr-project\modeling_recognizer/../datasets/ocr_dataset\images\DDI/31_29.png,,0.005455770995467901,tensor(64.3269),его
1,67,D:\ocr-project\modeling_recognizer/../datasets/ocr_dataset\images\DDI/31_38.png,,0.0054561179131269455,tensor(201.0339),в
1,68,D:\ocr-project\modeling_recognizer/../datasets/ocr_dataset\images\DDI/31_46.png,,0.005455941893160343,tensor(30.7611),Листья
1,69,D:\ocr-project\modeling_recognizer/../datasets/ocr_dataset\images\DDI/31_48.png,,0.005456012208014727,tensor(17.7814),отличаться
1,70,D:\ocr-project\modeling_recognizer/../datasets/ocr_dataset\images\DDI/31_49.png,,0.005456005223095417,tensor(47.3758),друг
1,71,D:\ocr-project\modeling_recognizer/../datasets/ocr_dataset\images\DDI/31_50.png,,0.005455861333757639,tensor(98.2917),от
1,72,D:\ocr-project\modeling_recognizer/../datasets/ocr_dataset\images\DDI/31_68.png,,0.005456115584820509,tensor(19.9299),основания
1,73,D:\ocr-project\modeling_recognizer/../datasets/ocr_dataset\images\DDI/31_69.png,,0.005455972161144018,tensor(37.3651),листа
1,74,D:\ocr-project\modeling_recognizer/../datasets/ocr_dataset\images\DDI/31_74.png,,0.005456225480884314,tensor(98.4177),Он
1,75,D:\ocr-project\modeling_recognizer/../datasets/ocr_dataset\images\DDI/31_77.png,,0.005456126760691404,tensor(64.3090),чем
1,76,D:\ocr-project\modeling_recognizer/../datasets/ocr_dataset\images\DDI/31_79.png,,0.005455967970192432,tensor(200.6790),а
1,77,D:\ocr-project\modeling_recognizer/../datasets/ocr_dataset\images\DDI/31_80.png,,0.005456010345369577,tensor(30.7598),потому
1,78,D:\ocr-project\modeling_recognizer/../datasets/ocr_dataset\images\DDI/31_81.png,,0.0054559893906116486,tensor(37.2909),замер
1,79,D:\ocr-project\modeling_recognizer/../datasets/ocr_dataset\images\DDI/31_83.png,,0.0054560392163693905,tensor(201.0342),в
1,80,D:\ocr-project\modeling_recognizer/../datasets/ocr_dataset\images\DDI/31_85.png,,0.0054559665732085705,tensor(30.6892),Теперь
1,81,D:\ocr-project\modeling_recognizer/../datasets/ocr_dataset\images\DDI/31_110.png,,0.00545600475743413,tensor(26.0060),править
1,82,D:\ocr-project\modeling_recognizer/../datasets/ocr_dataset\images\DDI/31_111.png,,0.005456091836094856,tensor(47.4400),лист
1,83,D:\ocr-project\modeling_recognizer/../datasets/ocr_dataset\images\DDI/31_114.png,,0.005455919541418552,tensor(30.7768),сузить
1,84,D:\ocr-project\modeling_recognizer/../datasets/ocr_dataset\images\DDI/32_1.png,,0.005455941893160343,tensor(16.0321),Продолжайте
1,85,D:\ocr-project\modeling_recognizer/../datasets/ocr_dataset\images\DDI/32_8.png,,0.005456015467643738,tensor(37.3652),листа
1,86,D:\ocr-project\modeling_recognizer/../datasets/ocr_dataset\images\DDI/32_10.png,,0.0054559968411922455,tensor(200.6786),а
1,87,D:\ocr-project\modeling_recognizer/../datasets/ocr_dataset\images\DDI/32_19.png,,0.005456112325191498,tensor(17.7815),отличаться
1,88,D:\ocr-project\modeling_recognizer/../datasets/ocr_dataset\images\DDI/32_20.png,,0.005456080660223961,tensor(98.2914),от
1,89,D:\ocr-project\modeling_recognizer/../datasets/ocr_dataset\images\DDI/32_22.png,,0.005454681813716888,tensor(26.0505),Техники
1,90,D:\ocr-project\modeling_recognizer/../datasets/ocr_dataset\images\DDI/32_28.png,,0.0054560438729822636,tensor(30.8104),кончик
1,91,D:\ocr-project\modeling_recognizer/../datasets/ocr_dataset\images\DDI/32_30.png,,0.005456073675304651,tensor(30.7757),опущен
1,92,D:\ocr-project\modeling_recognizer/../datasets/ocr_dataset\images\DDI/32_35.png,,0.005455993581563234,tensor(26.0481),рактеру
1,93,D:\ocr-project\modeling_recognizer/../datasets/ocr_dataset\images\DDI/32_36.png,,0.005455664824694395,tensor(30.7293),изгиба
1,94,D:\ocr-project\modeling_recognizer/../datasets/ocr_dataset\images\DDI/32_37.png,,0.005454807076603174,tensor(14.6386),расположению
1,95,D:\ocr-project\modeling_recognizer/../datasets/ocr_dataset\images\DDI/32_43.png,,0.005455991253256798,tensor(37.3649),листа
1,96,D:\ocr-project\modeling_recognizer/../datasets/ocr_dataset\images\DDI/32_45.png,,0.005456129088997841,tensor(30.7215),изящна
1,97,D:\ocr-project\modeling_recognizer/../datasets/ocr_dataset\images\DDI/32_46.png,,0.0054559651762247086,tensor(30.7603),Листья
1,98,D:\ocr-project\modeling_recognizer/../datasets/ocr_dataset\images\DDI/32_47.png,,0.005456063896417618,tensor(30.7207),должны
1,99,D:\ocr-project\modeling_recognizer/../datasets/ocr_dataset\images\DDI/32_48.png,,0.005456434562802315,tensor(17.7811),отличаться
1,100,D:\ocr-project\modeling_recognizer/../datasets/ocr_dataset\images\DDI/32_74.png,,0.005455971695482731,tensor(98.4182),Он
1,101,D:\ocr-project\modeling_recognizer/../datasets/ocr_dataset\images\DDI/32_79.png,,0.005456024315208197,tensor(200.6790),а
1,102,D:\ocr-project\modeling_recognizer/../datasets/ocr_dataset\images\DDI/32_82.png,,0.005455967504531145,tensor(37.3841),почти
1,103,D:\ocr-project\modeling_recognizer/../datasets/ocr_dataset\images\DDI/32_84.png,,0.005455737002193928,tensor(98.4005),го
1,104,D:\ocr-project\modeling_recognizer/../datasets/ocr_dataset\images\DDI/32_90.png,,0.005456030834466219,tensor(64.1682),Сна
1,105,D:\ocr-project\modeling_recognizer/../datasets/ocr_dataset\images\DDI/32_96.png,,0.005456064362078905,tensor(30.7603),Листья
1,106,D:\ocr-project\modeling_recognizer/../datasets/ocr_dataset\images\DDI/32_98.png,,0.005456044804304838,tensor(26.0082),орхидеи
1,107,D:\ocr-project\modeling_recognizer/../datasets/ocr_dataset\images\DDI/32_105.png,,0.005457024555653334,tensor(30.7766),сузить
1,108,D:\ocr-project\modeling_recognizer/../datasets/ocr_dataset\images\DDI/32_106.png,,0.005456155631691217,tensor(37.3356),линию
1,109,D:\ocr-project\modeling_recognizer/../datasets/ocr_dataset\images\DDI/32_111.png,,0.005455939564853907,tensor(47.4402),лист
1,110,D:\ocr-project\modeling_recognizer/../datasets/ocr_dataset\images\DDI/33_0.png,,0.005455068312585354,tensor(98.2549),94
1,111,D:\ocr-project\modeling_recognizer/../datasets/ocr_dataset\images\DDI/33_3.png,,0.005456046666949987,tensor(30.7681),листья
1,112,D:\ocr-project\modeling_recognizer/../datasets/ocr_dataset\images\DDI/33_6.png,,0.0054560150019824505,tensor(37.4008),остав
1,113,D:\ocr-project\modeling_recognizer/../datasets/ocr_dataset\images\DDI/33_10.png,,0.0054559363052248955,tensor(200.6791),а
1,114,D:\ocr-project\modeling_recognizer/../datasets/ocr_dataset\images\DDI/33_13.png,,0.005455987062305212,tensor(98.3609),не
1,115,D:\ocr-project\modeling_recognizer/../datasets/ocr_dataset\images\DDI/33_15.png,,0.005455987527966499,tensor(30.7807),сильно
1,116,D:\ocr-project\modeling_recognizer/../datasets/ocr_dataset\images\DDI/33_29.png,,0.005456015467643738,tensor(64.3265),его
1,117,D:\ocr-project\modeling_recognizer/../datasets/ocr_dataset\images\DDI/33_34.png,,0.005455994512885809,tensor(98.1816),ха
1,118,D:\ocr-project\modeling_recognizer/../datasets/ocr_dataset\images\DDI/33_40.png,,0.005456272512674332,tensor(26.0176),Светлый
1,119,D:\ocr-project\modeling_recognizer/../datasets/ocr_dataset\images\DDI/33_42.png,,0.00545594422146678,tensor(47.3437),дуга
1,120,D:\ocr-project\modeling_recognizer/../datasets/ocr_dataset\images\DDI/33_45.png,,0.005456056911498308,tensor(30.7213),изящна
1,121,D:\ocr-project\modeling_recognizer/../datasets/ocr_dataset\images\DDI/33_50.png,,0.005455966107547283,tensor(98.2910),от
1,122,D:\ocr-project\modeling_recognizer/../datasets/ocr_dataset\images\DDI/33_51.png,,0.005456099286675453,tensor(37.3218),друга
1,123,D:\ocr-project\modeling_recognizer/../datasets/ocr_dataset\images\DDI/33_52.png,,0.005456000566482544,tensor(37.4733),суйте
1,124,D:\ocr-project\modeling_recognizer/../datasets/ocr_dataset\images\DDI/33_57.png,,0.00545596145093441,tensor(47.3898),быть
1,125,D:\ocr-project\modeling_recognizer/../datasets/ocr_dataset\images\DDI/33_58.png,,0.005456474144011736,tensor(19.8948),перетяжка
1,126,D:\ocr-project\modeling_recognizer/../datasets/ocr_dataset\images\DDI/33_59.png,,0.005455981474369764,tensor(98.2343),на
1,127,D:\ocr-project\modeling_recognizer/../datasets/ocr_dataset\images\DDI/33_69.png,,0.00545609463006258,tensor(37.3650),листа
1,128,D:\ocr-project\modeling_recognizer/../datasets/ocr_dataset\images\DDI/33_70.png,,0.005455964710563421,tensor(37.2973),Излом
1,129,D:\ocr-project\modeling_recognizer/../datasets/ocr_dataset\images\DDI/33_75.png,,0.0054558138363063335,tensor(37.4284),более
1,130,D:\ocr-project\modeling_recognizer/../datasets/ocr_dataset\images\DDI/33_82.png,,0.0054560997523367405,tensor(37.3842),почти
1,131,D:\ocr-project\modeling_recognizer/../datasets/ocr_dataset\images\DDI/33_89.png,,0.0054560997523367405,tensor(26.0086),орхидеи
1,132,D:\ocr-project\modeling_recognizer/../datasets/ocr_dataset\images\DDI/33_99.png,,0.005456284619867802,tensor(11.5984),перекручиваются
1,133,D:\ocr-project\modeling_recognizer/../datasets/ocr_dataset\images\DDI/33_108.png,,0.005456096027046442,tensor(37.4284),снова
1,134,D:\ocr-project\modeling_recognizer/../datasets/ocr_dataset\images\DDI/33_112.png,,0.005456031300127506,tensor(200.9382),и
1,135,D:\ocr-project\modeling_recognizer/../datasets/ocr_dataset\images\DDI/34_0.png,,0.0054559786804020405,tensor(98.2547),94
1,136,D:\ocr-project\modeling_recognizer/../datasets/ocr_dataset\images\DDI/34_3.png,,0.005456008482724428,tensor(30.7682),листья
1,137,D:\ocr-project\modeling_recognizer/../datasets/ocr_dataset\images\DDI/34_7.png,,0.0054560499265789986,tensor(37.4662),шихся
1,138,D:\ocr-project\modeling_recognizer/../datasets/ocr_dataset\images\DDI/34_11.png,,0.005455999635159969,tensor(30.7597),потому
1,139,D:\ocr-project\modeling_recognizer/../datasets/ocr_dataset\images\DDI/34_16.png,,0.005455990321934223,tensor(30.7156),Каждый
1,140,D:\ocr-project\modeling_recognizer/../datasets/ocr_dataset\images\DDI/34_17.png,,0.005456003360450268,tensor(47.4399),лист
1,141,D:\ocr-project\modeling_recognizer/../datasets/ocr_dataset\images\DDI/34_21.png,,0.005455947481095791,tensor(30.7318),других
1,142,D:\ocr-project\modeling_recognizer/../datasets/ocr_dataset\images\DDI/34_22.png,,0.005456079728901386,tensor(26.0496),Техники
1,143,D:\ocr-project\modeling_recognizer/../datasets/ocr_dataset\images\DDI/34_24.png,,0.005456068553030491,tensor(37.4095),белой
1,144,D:\ocr-project\modeling_recognizer/../datasets/ocr_dataset\images\DDI/34_26.png,,0.00545606529340148,tensor(26.0833),изогнут
1,145,D:\ocr-project\modeling_recognizer/../datasets/ocr_dataset\images\DDI/34_28.png,,0.005456076934933662,tensor(30.8100),кончик
1,146,D:\ocr-project\modeling_recognizer/../datasets/ocr_dataset\images\DDI/34_31.png,,0.005456035491079092,tensor(47.4685),ниже
1,147,D:\ocr-project\modeling_recognizer/../datasets/ocr_dataset\images\DDI/34_40.png,,0.005456145387142897,tensor(26.0177),Светлый
1,148,D:\ocr-project\modeling_recognizer/../datasets/ocr_dataset\images\DDI/34_44.png,,0.0054559726268053055,tensor(17.7554),непрерывна
1,149,D:\ocr-project\modeling_recognizer/../datasets/ocr_dataset\images\DDI/34_55.png,,0.005456058774143457,tensor(98.3613),не
1,150,D:\ocr-project\modeling_recognizer/../datasets/ocr_dataset\images\DDI/34_62.png,,0.005455935839563608,tensor(14.6224),ризонтальном
1,151,D:\ocr-project\modeling_recognizer/../datasets/ocr_dataset\images\DDI/34_67.png,,0.005455988924950361,tensor(98.2916),от
1,152,D:\ocr-project\modeling_recognizer/../datasets/ocr_dataset\images\DDI/34_73.png,,0.005455939099192619,tensor(47.4403),лист
1,153,D:\ocr-project\modeling_recognizer/../datasets/ocr_dataset\images\DDI/34_75.png,,0.005455973092466593,tensor(37.4270),более
1,154,D:\ocr-project\modeling_recognizer/../datasets/ocr_dataset\images\DDI/34_81.png,,0.005455986130982637,tensor(37.2911),замер
1,155,D:\ocr-project\modeling_recognizer/../datasets/ocr_dataset\images\DDI/34_83.png,,0.005455991253256798,tensor(201.0338),в
1,156,D:\ocr-project\modeling_recognizer/../datasets/ocr_dataset\images\DDI/34_87.png,,0.005456050392240286,tensor(17.7428),изобразить
1,157,D:\ocr-project\modeling_recognizer/../datasets/ocr_dataset\images\DDI/34_105.png,,0.005456022452563047,tensor(30.7769),сузить
1,158,D:\ocr-project\modeling_recognizer/../datasets/ocr_dataset\images\DDI/34_108.png,,0.005456104408949614,tensor(37.4283),снова
1,159,D:\ocr-project\modeling_recognizer/../datasets/ocr_dataset\images\DDI/34_110.png,,0.005456086248159409,tensor(26.0060),править
1,160,D:\ocr-project\modeling_recognizer/../datasets/ocr_dataset\images\DDI/35_0.png,,0.005456023383885622,tensor(98.2549),94
1,161,D:\ocr-project\modeling_recognizer/../datasets/ocr_dataset\images\DDI/35_2.png,,0.005456066224724054,tensor(22.5717),рисовать
1,162,D:\ocr-project\modeling_recognizer/../datasets/ocr_dataset\images\DDI/35_3.png,,0.005456024315208197,tensor(30.7683),листья
1,163,D:\ocr-project\modeling_recognizer/../datasets/ocr_dataset\images\DDI/35_6.png,,0.005456060171127319,tensor(37.4002),остав
1,164,D:\ocr-project\modeling_recognizer/../datasets/ocr_dataset\images\DDI/35_9.png,,0.0054560392163693905,tensor(30.7810),короче
1,165,D:\ocr-project\modeling_recognizer/../datasets/ocr_dataset\images\DDI/35_11.png,,0.005456022452563047,tensor(30.7599),потому
1,166,D:\ocr-project\modeling_recognizer/../datasets/ocr_dataset\images\DDI/35_19.png,,0.005456051789224148,tensor(17.7813),отличаться
1,167,D:\ocr-project\modeling_recognizer/../datasets/ocr_dataset\images\DDI/35_25.png,,0.005455953534692526,tensor(26.0460),графики
1,168,D:\ocr-project\modeling_recognizer/../datasets/ocr_dataset\images\DDI/35_28.png,,0.005456052254885435,tensor(30.8100),кончик
1,169,D:\ocr-project\modeling_recognizer/../datasets/ocr_dataset\images\DDI/35_30.png,,0.005456044804304838,tensor(30.7755),опущен
1,170,D:\ocr-project\modeling_recognizer/../datasets/ocr_dataset\images\DDI/35_36.png,,0.005456018261611462,tensor(30.7289),изгиба
1,171,D:\ocr-project\modeling_recognizer/../datasets/ocr_dataset\images\DDI/35_39.png,,0.005455963779240847,tensor(17.8152),композиции
1,172,D:\ocr-project\modeling_recognizer/../datasets/ocr_dataset\images\DDI/35_44.png,,0.005455941427499056,tensor(17.7554),непрерывна
1,173,D:\ocr-project\modeling_recognizer/../datasets/ocr_dataset\images\DDI/35_45.png,,0.005456137005239725,tensor(30.7212),изящна
1,174,D:\ocr-project\modeling_recognizer/../datasets/ocr_dataset\images\DDI/35_52.png,,0.005456091836094856,tensor(37.4732),суйте
1,175,D:\ocr-project\modeling_recognizer/../datasets/ocr_dataset\images\DDI/35_62.png,,0.005456063896417618,tensor(14.6224),ризонтальном
1,176,D:\ocr-project\modeling_recognizer/../datasets/ocr_dataset\images\DDI/35_63.png,,0.0054560089483857155,tensor(98.2811),по
1,177,D:\ocr-project\modeling_recognizer/../datasets/ocr_dataset\images\DDI/35_64.png,,0.005456017330288887,tensor(26.1126),ложении
1,178,D:\ocr-project\modeling_recognizer/../datasets/ocr_dataset\images\DDI/35_68.png,,0.005455467849969864,tensor(19.9299),основания
1,179,D:\ocr-project\modeling_recognizer/../datasets/ocr_dataset\images\DDI/35_78.png,,0.005456028040498495,tensor(26.0730),светлый
1,180,D:\ocr-project\modeling_recognizer/../datasets/ocr_dataset\images\DDI/35_89.png,,0.005456022918224335,tensor(26.0087),орхидеи
1,181,D:\ocr-project\modeling_recognizer/../datasets/ocr_dataset\images\DDI/35_95.png,,0.005456114653497934,tensor(19.9112),окончанию
1,182,D:\ocr-project\modeling_recognizer/../datasets/ocr_dataset\images\DDI/35_97.png,,0.005456100683659315,tensor(37.3454),дикой
1,183,D:\ocr-project\modeling_recognizer/../datasets/ocr_dataset\images\DDI/35_99.png,,0.005456306505948305,tensor(11.5986),перекручиваются
1,184,D:\ocr-project\modeling_recognizer/../datasets/ocr_dataset\images\DDI/35_105.png,,0.005455972161144018,tensor(30.7769),сузить
1,185,D:\ocr-project\modeling_recognizer/../datasets/ocr_dataset\images\DDI/35_112.png,,0.005456096027046442,tensor(200.9377),и
1,186,D:\ocr-project\modeling_recognizer/../datasets/ocr_dataset\images\DDI/36_12.png,,0.005456094164401293,tensor(30.8588),гнутся
1,187,D:\ocr-project\modeling_recognizer/../datasets/ocr_dataset\images\DDI/36_17.png,,0.005456012673676014,tensor(47.4393),лист
1,188,D:\ocr-project\modeling_recognizer/../datasets/ocr_dataset\images\DDI/36_18.png,,0.00545602897182107,tensor(30.7333),должен
1,189,D:\ocr-project\modeling_recognizer/../datasets/ocr_dataset\images\DDI/36_19.png,,0.005456090439110994,tensor(17.7815),отличаться
1,190,D:\ocr-project\modeling_recognizer/../datasets/ocr_dataset\images\DDI/36_21.png,,0.005456027574837208,tensor(30.7316),других
1,191,D:\ocr-project\modeling_recognizer/../datasets/ocr_dataset\images\DDI/36_25.png,,0.0054559241980314255,tensor(26.0461),графики
1,192,D:\ocr-project\modeling_recognizer/../datasets/ocr_dataset\images\DDI/36_31.png,,0.005456011742353439,tensor(47.4686),ниже
1,193,D:\ocr-project\modeling_recognizer/../datasets/ocr_dataset\images\DDI/36_32.png,,0.005455990321934223,tensor(98.2809),по
1,194,D:\ocr-project\modeling_recognizer/../datasets/ocr_dataset\images\DDI/36_35.png,,0.005456020124256611,tensor(26.0480),рактеру
1,195,D:\ocr-project\modeling_recognizer/../datasets/ocr_dataset\images\DDI/36_39.png,,0.005456086248159409,tensor(17.8153),композиции
1,196,D:\ocr-project\modeling_recognizer/../datasets/ocr_dataset\images\DDI/36_42.png,,0.005455839913338423,tensor(47.3437),дуга
1,197,D:\ocr-project\modeling_recognizer/../datasets/ocr_dataset\images\DDI/36_44.png,,0.005456170998513699,tensor(17.7553),непрерывна
1,198,D:\ocr-project\modeling_recognizer/../datasets/ocr_dataset\images\DDI/36_55.png,,0.005455903708934784,tensor(98.3622),не
1,199,D:\ocr-project\modeling_recognizer/../datasets/ocr_dataset\images\DDI/36_58.png,,0.0054560136049985886,tensor(19.8934),перетяжка
1,200,D:\ocr-project\modeling_recognizer/../datasets/ocr_dataset\images\DDI/36_59.png,,0.005456016398966312,tensor(98.2334),на
1,201,D:\ocr-project\modeling_recognizer/../datasets/ocr_dataset\images\DDI/36_66.png,,0.00545605830848217,tensor(30.6772),ведите
1,202,D:\ocr-project\modeling_recognizer/../datasets/ocr_dataset\images\DDI/36_68.png,,0.005456174723803997,tensor(19.9298),основания
1,203,D:\ocr-project\modeling_recognizer/../datasets/ocr_dataset\images\DDI/36_70.png,,0.005455794744193554,tensor(37.3013),Излом
1,204,D:\ocr-project\modeling_recognizer/../datasets/ocr_dataset\images\DDI/36_76.png,,0.005456049460917711,tensor(26.1014),упругий
1,205,D:\ocr-project\modeling_recognizer/../datasets/ocr_dataset\images\DDI/36_78.png,,0.005456017330288887,tensor(26.0732),светлый
1,206,D:\ocr-project\modeling_recognizer/../datasets/ocr_dataset\images\DDI/36_85.png,,0.005456032697111368,tensor(30.6893),Теперь
1,207,D:\ocr-project\modeling_recognizer/../datasets/ocr_dataset\images\DDI/36_95.png,,0.005455856677144766,tensor(19.9109),окончанию
1,208,D:\ocr-project\modeling_recognizer/../datasets/ocr_dataset\images\DDI/36_97.png,,0.005455953534692526,tensor(37.3453),дикой
1,209,D:\ocr-project\modeling_recognizer/../datasets/ocr_dataset\images\DDI/36_98.png,,0.005456236191093922,tensor(26.0080),орхидеи
1,210,D:\ocr-project\modeling_recognizer/../datasets/ocr_dataset\images\DDI/36_102.png,,0.005456045735627413,tensor(37.4099),месте
1,211,D:\ocr-project\modeling_recognizer/../datasets/ocr_dataset\images\DDI/36_104.png,,0.005455997306853533,tensor(37.4959),нужно
1,212,D:\ocr-project\modeling_recognizer/../datasets/ocr_dataset\images\DDI/36_108.png,,0.005455820821225643,tensor(37.4286),снова
1,213,D:\ocr-project\modeling_recognizer/../datasets/ocr_dataset\images\DDI/36_113.png,,0.005456051789224148,tensor(37.2958),затем
1,214,D:\ocr-project\modeling_recognizer/../datasets/ocr_dataset\images\DDI/37_1.png,,0.005456033628433943,tensor(16.0318),Продолжайте
1,215,D:\ocr-project\modeling_recognizer/../datasets/ocr_dataset\images\DDI/37_7.png,,0.0054560136049985886,tensor(37.4661),шихся
1,216,D:\ocr-project\modeling_recognizer/../datasets/ocr_dataset\images\DDI/37_12.png,,0.005456259008497,tensor(30.8586),гнутся
1,217,D:\ocr-project\modeling_recognizer/../datasets/ocr_dataset\images\DDI/37_16.png,,0.005455914884805679,tensor(30.7157),Каждый
1,218,D:\ocr-project\modeling_recognizer/../datasets/ocr_dataset\images\DDI/37_20.png,,0.005455967504531145,tensor(98.2914),от
1,219,D:\ocr-project\modeling_recognizer/../datasets/ocr_dataset\images\DDI/37_24.png,,0.005455946084111929,tensor(37.4107),белой
1,220,D:\ocr-project\modeling_recognizer/../datasets/ocr_dataset\images\DDI/37_27.png,,0.0054557002149522305,tensor(26.1193),сильнее
1,221,D:\ocr-project\modeling_recognizer/../datasets/ocr_dataset\images\DDI/37_32.png,,0.005455993581563234,tensor(98.2810),по
1,222,D:\ocr-project\modeling_recognizer/../datasets/ocr_dataset\images\DDI/37_33.png,,0.005456017330288887,tensor(47.4866),тону
1,223,D:\ocr-project\modeling_recognizer/../datasets/ocr_dataset\images\DDI/37_35.png,,0.005455961916595697,tensor(26.0480),рактеру
1,224,D:\ocr-project\modeling_recognizer/../datasets/ocr_dataset\images\DDI/37_36.png,,0.005455791484564543,tensor(30.7292),изгиба
1,225,D:\ocr-project\modeling_recognizer/../datasets/ocr_dataset\images\DDI/37_39.png,,0.005456164013594389,tensor(17.8153),композиции
1,226,D:\ocr-project\modeling_recognizer/../datasets/ocr_dataset\images\DDI/37_45.png,,0.005456088110804558,tensor(30.7214),изящна
1,227,D:\ocr-project\modeling_recognizer/../datasets/ocr_dataset\images\DDI/37_47.png,,0.0054560014978051186,tensor(30.7207),должны
1,228,D:\ocr-project\modeling_recognizer/../datasets/ocr_dataset\images\DDI/37_56.png,,0.005456003826111555,tensor(30.7130),должна
1,229,D:\ocr-project\modeling_recognizer/../datasets/ocr_dataset\images\DDI/37_62.png,,0.005455957725644112,tensor(14.6226),ризонтальном
1,230,D:\ocr-project\modeling_recognizer/../datasets/ocr_dataset\images\DDI/37_69.png,,0.005456123501062393,tensor(37.3653),листа
1,231,D:\ocr-project\modeling_recognizer/../datasets/ocr_dataset\images\DDI/37_80.png,,0.005455898120999336,tensor(30.7597),потому
1,232,D:\ocr-project\modeling_recognizer/../datasets/ocr_dataset\images\DDI/37_84.png,,0.005455970298498869,tensor(98.4012),го
1,233,D:\ocr-project\modeling_recognizer/../datasets/ocr_dataset\images\DDI/37_87.png,,0.005456174723803997,tensor(17.7428),изобразить
1,234,D:\ocr-project\modeling_recognizer/../datasets/ocr_dataset\images\DDI/37_89.png,,0.005456107668578625,tensor(26.0090),орхидеи
1,235,D:\ocr-project\modeling_recognizer/../datasets/ocr_dataset\images\DDI/37_93.png,,0.005455996375530958,tensor(64.2823),зок
1,236,D:\ocr-project\modeling_recognizer/../datasets/ocr_dataset\images\DDI/37_96.png,,0.005456080660223961,tensor(30.7606),Листья
1,237,D:\ocr-project\modeling_recognizer/../datasets/ocr_dataset\images\DDI/37_97.png,,0.005456069018691778,tensor(37.3453),дикой
1,238,D:\ocr-project\modeling_recognizer/../datasets/ocr_dataset\images\DDI/37_101.png,,0.005455987527966499,tensor(201.0341),в
1,239,D:\ocr-project\modeling_recognizer/../datasets/ocr_dataset\images\DDI/37_110.png,,0.005456033628433943,tensor(26.0061),править
1,240,D:\ocr-project\modeling_recognizer/../datasets/ocr_dataset\images\DDI/37_112.png,,0.0054560089483857155,tensor(200.9374),и
1,241,D:\ocr-project\modeling_recognizer/../datasets/ocr_dataset\images\DDI/38_0.png,,0.005456005688756704,tensor(98.2549),94
1,242,D:\ocr-project\modeling_recognizer/../datasets/ocr_dataset\images\DDI/38_4.png,,0.005455986596643925,tensor(26.0085),орхидеи
1,243,D:\ocr-project\modeling_recognizer/../datasets/ocr_dataset\images\DDI/38_8.png,,0.005456066224724054,tensor(37.3650),листа
1,244,D:\ocr-project\modeling_recognizer/../datasets/ocr_dataset\images\DDI/38_17.png,,0.005456031300127506,tensor(47.4399),лист
1,245,D:\ocr-project\modeling_recognizer/../datasets/ocr_dataset\images\DDI/38_25.png,,0.005455941893160343,tensor(26.0461),графики
1,246,D:\ocr-project\modeling_recognizer/../datasets/ocr_dataset\images\DDI/38_32.png,,0.005456071346998215,tensor(98.2808),по
1,247,D:\ocr-project\modeling_recognizer/../datasets/ocr_dataset\images\DDI/38_34.png,,0.00545600475743413,tensor(98.1812),ха
1,248,D:\ocr-project\modeling_recognizer/../datasets/ocr_dataset\images\DDI/38_44.png,,0.005456030834466219,tensor(17.7555),непрерывна
1,249,D:\ocr-project\modeling_recognizer/../datasets/ocr_dataset\images\DDI/38_53.png,,0.005456064827740192,tensor(16.0395),внимательно
1,250,D:\ocr-project\modeling_recognizer/../datasets/ocr_dataset\images\DDI/38_67.png,,0.005456055514514446,tensor(98.2914),от
1,251,D:\ocr-project\modeling_recognizer/../datasets/ocr_dataset\images\DDI/38_69.png,,0.005456089042127132,tensor(37.3649),листа
1,252,D:\ocr-project\modeling_recognizer/../datasets/ocr_dataset\images\DDI/38_72.png,,0.0054561663419008255,tensor(30.7282),тёмный
1,253,D:\ocr-project\modeling_recognizer/../datasets/ocr_dataset\images\DDI/38_73.png,,0.005456053651869297,tensor(47.4399),лист
1,254,D:\ocr-project\modeling_recognizer/../datasets/ocr_dataset\images\DDI/38_81.png,,0.0054560499265789986,tensor(37.2909),замер
1,255,D:\ocr-project\modeling_recognizer/../datasets/ocr_dataset\images\DDI/38_100.png,,0.005455141421407461,tensor(26.0793),поэтому
